<?xml version="1.0" encoding="UTF-8"?>
<configuration>

    <property name="LOG_HOME" value="/home/admin/aee-distribution-server/logs"/>

    <!-- 控制台输出 -->
    <appender name="STDOUT" class="ch.qos.logback.core.ConsoleAppender">
        <layout class="ch.qos.logback.classic.PatternLayout">
            <Pattern>%d{HH:mm:ss.SSS} [%thread] %-5level %logger{36} - %msg%n</Pattern>
        </layout>
    </appender>

    <!--基础日志-->
    <appender name="BASE_LOG" class="ch.qos.logback.core.rolling.RollingFileAppender">
        <file>${LOG_HOME}/distribution.log</file>

        <rollingPolicy class="ch.qos.logback.core.rolling.TimeBasedRollingPolicy">
            <fileNamePattern>${LOG_HOME}/distribution.log.%d{yyyy-MM-dd}</fileNamePattern>
            <maxHistory>30</maxHistory>
        </rollingPolicy>

        <encoder>
            <pattern>%date %level [%file : %line] - %msg%n</pattern>
            <charset>UTF-8</charset>
        </encoder>
    </appender>
    <!--请求日志-->
    <appender name="access" class="ch.qos.logback.core.rolling.RollingFileAppender">
        <file>${LOG_HOME}/access.log</file>

        <rollingPolicy class="ch.qos.logback.core.rolling.TimeBasedRollingPolicy">
            <fileNamePattern>${LOG_HOME}/access.log.%d{yyyy-MM-dd}</fileNamePattern>
            <maxHistory>30</maxHistory>
        </rollingPolicy>

        <encoder>
            <pattern>%msg%n</pattern>
            <charset>UTF-8</charset>
        </encoder>
    </appender>
    <!--错误日志-->
    <appender name="ERROR_LOG" class="ch.qos.logback.core.rolling.RollingFileAppender">
        <file>${LOG_HOME}/error.log</file>
        <rollingPolicy class="ch.qos.logback.core.rolling.TimeBasedRollingPolicy">
            <fileNamePattern>${LOG_HOME}/error.log.%d{yyyy-MM-dd}</fileNamePattern>
            <maxHistory>30</maxHistory>
        </rollingPolicy>
        <encoder>
            <pattern>%date %level [%file : %line] - %msg%n</pattern>
            <charset>UTF-8</charset>
        </encoder>
        <filter class="ch.qos.logback.classic.filter.LevelFilter">
            <level>ERROR</level>
            <onMatch>ACCEPT</onMatch>
            <onMismatch>DENY</onMismatch>
        </filter>
    </appender>

    <root level="INFO">
        <appender-ref ref="BASE_LOG" />
        <appender-ref ref="ERROR_LOG" />
    </root>

    <logger name="access" level="INFO" additivity="false">
        <appender-ref ref="access" />
    </logger>

</configuration>