<?xml version="1.0" encoding="UTF-8"?>
<beans xmlns="http://www.springframework.org/schema/beans"
	xmlns:xsi="http://www.w3.org/2001/XMLSchema-instance" xmlns:context="http://www.springframework.org/schema/context"
	xmlns:mvc="http://www.springframework.org/schema/mvc"
	xsi:schemaLocation="http://www.springframework.org/schema/beans
       http://www.springframework.org/schema/beans/spring-beans-3.1.xsd
       http://www.springframework.org/schema/context http://www.springframework.org/schema/context/spring-context-3.1.xsd
       http://www.springframework.org/schema/mvc http://www.springframework.org/schema/mvc/spring-mvc.xsd">
	<context:component-scan base-package="com.rat.controller" />
	<bean id="fastJsonConfig" class="com.alibaba.fastjson.support.config.FastJsonConfig">
		<!-- Default charset -->
		<property name="charset" value="UTF-8" />
		<!-- SerializerFeature -->
		<property name="serializerFeatures">
			<list>
				<value>WriteMapNullValue</value>
				<value>WriteNullStringAsEmpty</value>
			</list>
		</property>
	</bean>
	<mvc:annotation-driven>
		<mvc:message-converters register-defaults="true">
			<!--将StringHttpMessageConverter的默认编码设为UTF-8-->
			<bean class="org.springframework.http.converter.StringHttpMessageConverter">
				<constructor-arg value="UTF-8"/>
			</bean>
			<!-- 配置Fastjson支持 -->
			<bean class="com.alibaba.fastjson.support.spring.FastJsonHttpMessageConverter">
				<property name="supportedMediaTypes">
					<list>
						<value>application/json</value>
					</list>
				</property>
				<property name="fastJsonConfig" ref="fastJsonConfig"/>
			</bean>
		</mvc:message-converters>
	</mvc:annotation-driven>
</beans>